The Shawshank Redemption,9.3,shawshank.jpg
The Room,3.7,theroom.jpg
Inception,8.8,inception.jpg
Movie X,5.0,moviex.jpg
Movie 1,6.2,movie1.jpg
Movie 2,7.1,movie2.jpg
Movie 3,4.5,movie3.jpg
Movie 4,8.0,movie4.jpg
Movie 5,9.1,movie5.jpg
Movie 6,5.6,movie6.jpg
Movie 7,6.9,movie7.jpg
Movie 8,7.3,movie8.jpg
Movie 9,4.2,movie9.jpg
Movie 10,8.7,movie10.jpg
Movie 11,5.8,movie11.jpg
Movie 12,6.0,movie12.jpg
Movie 13,7.9,movie13.jpg
Movie 14,3.9,movie14.jpg
Movie 15,8.3,movie15.jpg
Movie 16,9.0,movie16.jpg
Movie 17,5.1,movie17.jpg
Movie 18,6.4,movie18.jpg
Movie 19,7.6,movie19.jpg
Movie 20,4.8,movie20.jpg
Movie 21,8.9,movie21.jpg
Movie 22,5.3,movie22.jpg
Movie 23,6.7,movie23.jpg
Movie 24,7.0,movie24.jpg
Movie 25,9.5,movie25.jpg
Movie 26,3.5,movie26.jpg
Movie 27,4.9,movie27.jpg
Movie 28,6.1,movie28.jpg
Movie 29,7.8,movie29.jpg
Movie 30,8.2,movie30.jpg
Movie 31,5.7,movie31.jpg
Movie 32,6.6,movie32.jpg
Movie 33,7.2,movie33.jpg
Movie 34,4.1,movie34.jpg
Movie 35,8.6,movie35.jpg
Movie 36,9.2,movie36.jpg
Movie 37,5.4,movie37.jpg
Movie 38,6.8,movie38.jpg
Movie 39,7.4,movie39.jpg
Movie 40,4.6,movie40.jpg
Movie 41,8.1,movie41.jpg
Movie 42,9.4,movie42.jpg
Movie 43,5.9,movie43.jpg
Movie 44,6.3,movie44.jpg
Movie 45,7.5,movie45.jpg
Movie 46,4.3,movie46.jpg
Movie 47,8.5,movie47.jpg
Movie 48,9.6,movie48.jpg
Movie 49,5.2,movie49.jpg
Movie 50,6.5,movie50.jpg
Movie 51,7.1,movie51.jpg
Movie 52,4.7,movie52.jpg
Movie 53,8.8,movie53.jpg
Movie 54,9.0,movie54.jpg
Movie 55,5.6,movie55.jpg
Movie 56,6.9,movie56.jpg
Movie 57,7.3,movie57.jpg
Movie 58,4.2,movie58.jpg
Movie 59,8.7,movie59.jpg
Movie 60,5.8,movie60.jpg
Movie 61,6.0,movie61.jpg
Movie 62,7.9,movie62.jpg
Movie 63,3.9,movie63.jpg
Movie 64,8.3,movie64.jpg
Movie 65,9.1,movie65.jpg
Movie 66,5.1,movie66.jpg
Movie 67,6.4,movie67.jpg
Movie 68,7.6,movie68.jpg
Movie 69,4.8,movie69.jpg
Movie 70,8.9,movie70.jpg
Movie 71,5.3,movie71.jpg
Movie 72,6.7,movie72.jpg
Movie 73,7.0,movie73.jpg
Movie 74,9.5,movie74.jpg
Movie 75,3.5,movie75.jpg
Movie 76,4.9,movie76.jpg
Movie 77,6.1,movie77.jpg
Movie 78,7.8,movie78.jpg
Movie 79,8.2,movie79.jpg
Movie 80,5.7,movie80.jpg
Movie 81,6.6,movie81.jpg
Movie 82,7.2,movie82.jpg
Movie 83,4.1,movie83.jpg
Movie 84,8.6,movie84.jpg
Movie 85,9.2,movie85.jpg
Movie 86,5.4,movie86.jpg
Movie 87,6.8,movie87.jpg
Movie 88,7.4,movie88.jpg
Movie 89,4.6,movie89.jpg
Movie 90,8.1,movie90.jpg
Movie 91,9.4,movie91.jpg
Movie 92,5.9,movie92.jpg
Movie 93,6.3,movie93.jpg
Movie 94,7.5,movie94.jpg
Movie 95,4.3,movie95.jpg
Movie 96,8.5,movie96.jpg
Movie 97,9.6,movie97.jpg
Movie 98,5.2,movie98.jpg
Movie 99,6.5,movie99.jpg
Movie 100,7.1,movie100.jpg
Movie 101,4.7,movie101.jpg
Movie 102,8.8,movie102.jpg
Movie 103,9.0,movie103.jpg
Movie 104,5.6,movie104.jpg
Movie 105,6.9,movie105.jpg
Movie 106,7.3,movie106.jpg
Movie 107,4.2,movie107.jpg
Movie 108,8.7,movie108.jpg
Movie 109,5.8,movie109.jpg
Movie 110,6.0,movie110.jpg
Movie 111,7.9,movie111.jpg
Movie 112,3.9,movie112.jpg
Movie 113,8.3,movie113.jpg
Movie 114,9.1,movie114.jpg
Movie 115,5.1,movie115.jpg
Movie 116,6.4,movie116.jpg
Movie 117,7.6,movie117.jpg
Movie 118,4.8,movie118.jpg
Movie 119,8.9,movie119.jpg
Movie 120,5.3,movie120.jpg
Movie 121,6.7,movie121.jpg
Movie 122,7.0,movie122.jpg
Movie 123,9.5,movie123.jpg
Movie 124,3.5,movie124.jpg
Movie 125,4.9,movie125.jpg
Movie 126,6.1,movie126.jpg
Movie 127,7.8,movie127.jpg
Movie 128,8.2,movie128.jpg
Movie 129,5.7,movie129.jpg
Movie 130,6.6,movie130.jpg
Movie 131,7.2,movie131.jpg
Movie 132,4.1,movie132.jpg
Movie 133,8.6,movie133.jpg
Movie 134,9.2,movie134.jpg
Movie 135,5.4,movie135.jpg
Movie 136,6.8,movie136.jpg
Movie 137,7.4,movie137.jpg
Movie 138,4.6,movie138.jpg
Movie 139,8.1,movie139.jpg
Movie 140,9.4,movie140.jpg
Movie 141,5.9,movie141.jpg
Movie 142,6.3,movie142.jpg
Movie 143,7.5,movie143.jpg
Movie 144,4.3,movie144.jpg
Movie 145,8.5,movie145.jpg
Movie 146,9.6,movie146.jpg
Movie 147,5.2,movie147.jpg
Movie 148,6.5,movie148.jpg
Movie 149,7.1,movie149.jpg
Movie 150,4.7,movie150.jpg
Movie 151,8.8,movie151.jpg
Movie 152,9.0,movie152.jpg
Movie 153,5.6,movie153.jpg
Movie 154,6.9,movie154.jpg
Movie 155,7.3,movie155.jpg
Movie 156,4.2,movie156.jpg
Movie 157,8.7,movie157.jpg
Movie 158,5.8,movie158.jpg
Movie 159,6.0,movie159.jpg
Movie 160,7.9,movie160.jpg
Movie 161,3.9,movie161.jpg
Movie 162,8.3,movie162.jpg
Movie 163,9.1,movie163.jpg
Movie 164,5.1,movie164.jpg
Movie 165,6.4,movie165.jpg
Movie 166,7.6,movie166.jpg
Movie 167,4.8,movie167.jpg
Movie 168,8.9,movie168.jpg
Movie 169,5.3,movie169.jpg
Movie 170,6.7,movie170.jpg
Movie 171,7.0,movie171.jpg
Movie 172,9.5,movie172.jpg
Movie 173,3.5,movie173.jpg
Movie 174,4.9,movie174.jpg
Movie 175,6.1,movie175.jpg
Movie 176,7.8,movie176.jpg
Movie 177,8.2,movie177.jpg
Movie 178,5.7,movie178.jpg
Movie 179,6.6,movie179.jpg
Movie 180,7.2,movie180.jpg
Movie 181,4.1,movie181.jpg
Movie 182,8.6,movie182.jpg
Movie 183,9.2,movie183.jpg
Movie 184,5.4,movie184.jpg
Movie 185,6.8,movie185.jpg
Movie 186,7.4,movie186.jpg
Movie 187,4.6,movie187.jpg
Movie 188,8.1,movie188.jpg
Movie 189,9.4,movie189.jpg
Movie 190,5.9,movie190.jpg
Movie 191,6.3,movie191.jpg
Movie 192,7.5,movie192.jpg
Movie 193,4.3,movie193.jpg
Movie 194,8.5,movie194.jpg
Movie 195,9.6,movie195.jpg
Movie 196,5.2,movie196.jpg
Movie 197,6.5,movie197.jpg
Movie 198,7.1,movie198.jpg
Movie 199,4.7,movie199.jpg
Movie 200,8.8,movie200.jpg